

CREATE TABLE price_data (
    skuid INT,
    price_date DATE,
    price FLOAT
);

INSERT INTO price_data (skuid, price_date, price)
VALUES
    (1, '2023-01-01', 10),
    (1, '2023-02-15', 15),
    (1, '2023-03-03', 18),
    (1, '2023-03-27', 15),
    (1, '2023-04-06', 20),
    (1, '2023-01-01', 15),
    (1, '2023-03-03', 25);
	
	
	
1. Find max price spend for each day.
2. Find Total amount spend for each day.
3. Find min price spend for each day.


/* Case 1 */

CREATE TABLE sales (
  "customer_id" VARCHAR(1),
  "order_date" DATE,
  "product_id" INTEGER
);

INSERT INTO sales
  ("customer_id", "order_date", "product_id")
VALUES
  ('A', '2021-01-01', '1'),
  ('A', '2021-01-01', '2'),
  ('A', '2021-01-07', '2'),
  ('A', '2021-01-10', '3'),
  ('A', '2021-01-11', '3'),
  ('A', '2021-01-11', '3'),
  ('B', '2021-01-01', '2'),
  ('B', '2021-01-02', '2'),
  ('B', '2021-01-04', '1'),
  ('B', '2021-01-11', '1'),
  ('B', '2021-01-16', '3'),
  ('B', '2021-02-01', '3'),
  ('C', '2021-01-01', '3'),
  ('C', '2021-01-01', '3'),
  ('C', '2021-01-07', '3');
 

CREATE TABLE menu (
  "product_id" INTEGER,
  "product_name" VARCHAR(5),
  "price" INTEGER
);

INSERT INTO menu
  ("product_id", "product_name", "price")
VALUES
  ('1', 'sushi', '10'),
  ('2', 'curry', '15'),
  ('3', 'ramen', '12');
  

CREATE TABLE members (
  "customer_id" VARCHAR(1),
  "join_date" DATE
);

INSERT INTO members
  ("customer_id", "join_date")
VALUES
  ('A', '2021-01-07'),
  ('B', '2021-01-09'),
  ('C','2021-01-10');


/*
What is the total amount each customer spent at the restaurant?
How many days has each customer visited the restaurant?
What was the first item from the menu purchased by each customer?
What is the most purchased item on the menu and how many times was it purchased by all customers?
Which item was the most popular for each customer?
Which item was purchased first by the customer after they became a member?
Which item was purchased just before the customer became a member?
What is the total items and amount spent for each member before they became a member?
If each $1 spent equates to 10 points and sushi has a 2x points multiplier - how many points would each customer have?
In the first week after a customer joins the program (including their join date) they earn 2x points on all items, not just sushi - how many points do customer A and B have at the end of January?
*/

--Oreilly

